timestamp,source,candidateId,headline,body,perspective,finalScore,rawNovelty,semanticNovelty,lexicalNovelty,relevanceSimilarity,relevanceGate,baselineCount,baselineFingerprint,neighbor1Id,neighbor1Semantic,neighbor1Lexical,neighbor2Id,neighbor2Semantic,neighbor2Lexical,neighbor3Id,neighbor3Semantic,neighbor3Lexical
2026-09-26T08:41:41.241Z,ui,ui-candidate,Local idioms can alter meaning,The assistant may misunderstand region-specific expressions when a customer switches between languages in one exchange.,concern,0.3382287125465929,0.4367836484896882,0.36764462847526347,0.8285714285714285,0.2935905302980784,0.7743621211923137,50,87e17db24c04,submission-027,0.654125061757823,0.11428571428571428,submission-028,0.6154903989593778,0.11764705882352941,submission-025,0.5523321478222923,0.14285714285714285
2026-09-26T08:41:50.194Z,ui,ui-candidate,Local idioms can alter meaning,The assistant may misunderstand region-specific expressions when a customer switches between languages in one exchange.,concern,0.3382287125465929,0.4367836484896882,0.36764462847526347,0.8285714285714285,0.2935905302980784,0.7743621211923137,50,87e17db24c04,submission-027,0.654125061757823,0.11428571428571428,submission-028,0.6154903989593778,0.11764705882352941,submission-025,0.5523321478222923,0.14285714285714285
2026-09-26T08:42:36.414Z,ui,ui-candidate,Plant tomatoes beside basil,Home gardeners can use companion planting and deep watering to improve vegetable yields during summer.,observation,0,0.8715480948821609,0.8635859939790129,0.9166666666666666,0.017646380769125242,0,50,87e17db24c04,submission-049,0.14210501753357316,0.05128205128205128,submission-034,0.13290796741763894,0,submission-037,0.11278605275551488,0.02702702702702703
2026-09-26T09:19:52.756Z,ui,ui-candidate,Automatic conversation summaries should save agents time when a case moves between shifts or teams.,Automatic conversation summaries should save agents time when a case moves between shifts or teams.,support,0.16400946874350758,0.16400946874350758,0.172191070494092,0.11764705882352944,0.40700377033642243,1,50,87e17db24c04,submission-001,0.9009783848268845,0.8823529411764706,submission-004,0.7338201049239726,0.17857142857142858,submission-018,0.6707586713258538,0.09090909090909091
2026-09-26T09:33:04.550Z,ui,ui-candidate,Flag conflicting follow-up owners,Warn an agent when separate conversations assign the same customer follow-up to different teams before creating either task.,suggestion,0.5035221635294764,0.5035221635294764,0.44377220477152035,0.8421052631578947,0.3886805429138401,1,50,87e17db24c04,submission-045,0.5975483947798506,0.1,submission-016,0.49765150759750826,0.0975609756097561,submission-017,0.48403306081316755,0.075
2026-09-26T09:33:09.909Z,ui,ui-candidate,Faster case handoffs,Automatic conversation summaries should save agents time when a case moves between shifts or teams.,support,0.10688380938676974,0.10688380938676974,0.12574565810208205,0,0.38803633345604827,1,50,87e17db24c04,submission-001,1,1,submission-004,0.6997111250594517,0.16666666666666666,submission-018,0.6434100438008233,0.08571428571428572
2026-09-26T09:33:11.458Z,ui,ui-candidate,Plant tomatoes beside basil,Home gardeners can use companion planting and deep watering to improve vegetable yields during summer.,observation,0,0.8715480948821609,0.8635859939790129,0.9166666666666666,0.017646380769125242,0,50,87e17db24c04,submission-049,0.14210501753357316,0.05128205128205128,submission-034,0.13290796741763894,0,submission-037,0.11278605275551488,0.02702702702702703
2026-09-26T09:33:13.103Z,ui,ui-candidate,Local idioms can alter meaning,The assistant may misunderstand region-specific expressions when a customer switches between languages in one exchange.,concern,0.3382287125465929,0.4367836484896882,0.36764462847526347,0.8285714285714285,0.2935905302980784,0.7743621211923137,50,87e17db24c04,submission-027,0.654125061757823,0.11428571428571428,submission-028,0.6154903989593778,0.11764705882352941,submission-025,0.5523321478222923,0.14285714285714285
2026-09-26T09:57:33.097Z,cli,candidate-duplicate-001,Faster case handoffs,Automatic conversation summaries should save agents time when a case moves between shifts or teams.,support,0.10688380938676974,0.10688380938676974,0.12574565810208205,0,0.38803633345604827,1,50,87e17db24c04,submission-001,1,1,submission-004,0.6997111250594517,0.16666666666666666,submission-018,0.6434100438008233,0.08571428571428572
2026-09-26T09:57:33.851Z,cli,candidate-duplicate-002,Configurable deletion windows,Administrators should be able to choose how long generated summaries and extracted action items are retained.,suggestion,0.04332225187482077,0.15499510954444343,0.18234718769934521,0,0.16987680450394874,0.279507218015795,50,87e17db24c04,submission-009,1,1,submission-010,0.5480812555571234,0.08823529411764706,submission-033,0.5322843563351769,0.23333333333333334
2026-09-26T09:57:34.557Z,cli,candidate-duplicate-003,Audit access to summaries,"Security logs should record who viewed, edited, exported, or shared each generated support record.",suggestion,0.08161726460191106,0.12564807441826298,0.14782126402148588,0,0.2623925893408836,0.6495703573635345,50,87e17db24c04,submission-043,0.9999999999999999,1,submission-020,0.6505862020668649,0.1724137931034483,submission-033,0.5700287535845471,0.12903225806451613
2026-09-26T09:57:35.240Z,cli,candidate-near-duplicate-001,Faster support handoffs,Automatic conversation summaries can save agents time whenever a case passes between teams or shifts.,support,0.16854971880058683,0.16854971880058683,0.1394702574124551,0.33333333333333337,0.48677133887791574,1,50,87e17db24c04,submission-001,0.960490897271349,0.6666666666666666,submission-004,0.7129867520007812,0.16129032258064516,submission-018,0.703391786245011,0.14705882352941177
2026-09-26T09:57:35.940Z,cli,candidate-near-duplicate-002,Choose deletion windows,Administrators should choose how long generated action items and conversation summaries remain stored.,suggestion,0.11076632118360615,0.25825419602586625,0.2236145621694683,0.4545454545454546,0.2072260614620488,0.42890424584819525,50,87e17db24c04,submission-009,0.8846834813177823,0.5454545454545454,submission-010,0.6203918493303119,0.13793103448275862,submission-023,0.5945779424076871,0.1
2026-09-26T09:57:36.661Z,cli,candidate-near-duplicate-003,Link every claim to its source,Each generated summary claim should link to the customer message supporting it so an agent can verify accuracy.,suggestion,0.1802144067259872,0.2437587190232639,0.20484219044753738,0.4642857142857143,0.2848286775629017,0.7393147102516069,50,87e17db24c04,submission-014,0.949043463984814,0.5357142857142857,submission-013,0.5701212651983503,0.18181818181818182,submission-029,0.546953516020692,0.025
2026-09-26T09:57:37.358Z,cli,candidate-near-duplicate-004,Limit Slack destinations,Admins need rules preventing sensitive customer summaries from being posted into public Slack channels.,concern,0.2177356383225176,0.2768436458407014,0.218281527076017,0.6086956521739131,0.296623294045012,0.786493176180048,50,87e17db24c04,submission-022,0.8750666702529262,0.391304347826087,submission-021,0.6542075557465069,0.0625,submission-042,0.6041620404827506,0.1
2026-09-26T09:57:38.063Z,cli,candidate-paraphrase-001,Expire generated records by policy,Each support group needs a configurable schedule that purges AI-created notes after its required storage period.,suggestion,0.512114848911343,0.5305731286716299,0.4684943382295992,0.8823529411764706,0.3413026693386734,0.9652106773546938,50,87e17db24c04,submission-012,0.5451200925720245,0.10810810810810811,submission-011,0.5199527271641806,0.11764705882352941,submission-003,0.48447788077931814,0.05128205128205128
2026-09-26T09:57:38.786Z,cli,candidate-paraphrase-002,Verify generated facts against the chat,Reviewers need a direct trail from every machine-written assertion back to the original customer exchange.,suggestion,0.3786837419185586,0.46929730842047973,0.40159544935281355,0.8529411764705882,0.30172912518564166,0.8069165007425667,50,87e17db24c04,submission-029,0.6089065879834454,0.05128205128205128,submission-014,0.585866288699949,0.13157894736842105,submission-013,0.5730071124713446,0.08333333333333333
2026-09-26T09:57:39.489Z,cli,candidate-paraphrase-003,Keep automation under staff authority,Machine-produced follow-ups must wait for a person to authorize them before they alter customer systems.,concern,0.5327547443147511,0.5327547443147511,0.47292413358296514,0.8717948717948718,0.4522249032839768,1,50,87e17db24c04,submission-017,0.5313623745786321,0.075,submission-034,0.5235979585215655,0.07692307692307693,submission-031,0.511790541133858,0
2026-09-26T09:57:40.200Z,cli,candidate-paraphrase-004,Local idioms can alter meaning,The assistant may misunderstand region-specific expressions when a customer switches between languages in one exchange.,concern,0.3382287125465929,0.4367836484896882,0.36764462847526347,0.8285714285714285,0.2935905302980784,0.7743621211923137,50,87e17db24c04,submission-027,0.654125061757823,0.11428571428571428,submission-028,0.6154903989593778,0.11764705882352941,submission-025,0.5523321478222923,0.14285714285714285
2026-09-26T09:57:40.896Z,cli,candidate-common-001,Central privacy dashboard,"Give administrators one place to review which customer information is processed, retained, and shared by the assistant.",suggestion,0.41936795785746434,0.41936795785746434,0.3610211268911345,0.75,0.40602162616834453,1,50,87e17db24c04,submission-006,0.6752215944850827,0.25,submission-008,0.5868375488145939,0.08571428571428572,submission-033,0.5779465177343761,0.08571428571428572
2026-09-26T09:57:41.588Z,cli,candidate-common-002,Review multilingual quality by region,"Analytics should let administrators compare summary accuracy across countries, languages, and dialect groups.",suggestion,0.16535573527262845,0.47213147135544475,0.40940416508348476,0.8275862068965517,0.1875580983819548,0.35023239352781926,50,87e17db24c04,submission-026,0.6149138404843884,0.13793103448275862,submission-027,0.5549836410187413,0.02857142857142857,submission-025,0.5515243832025977,0.08823529411764706
2026-09-26T09:57:42.296Z,cli,candidate-common-003,Require review for sensitive summaries,High-risk customer conversations should receive human approval before their generated summaries enter shared workflows.,suggestion,0.386693477057344,0.47769878990728826,0.4229611432064354,0.7878787878787878,0.3023730671017575,0.80949226840703,50,87e17db24c04,submission-017,0.5878771008165817,0.21212121212121213,submission-025,0.5614870513681254,0.05555555555555555,submission-032,0.5586648089317785,0.05555555555555555
2026-09-26T09:57:43.000Z,cli,candidate-common-004,Trend access should follow roles,Only approved support roles should be able to open the conversations behind recurring-issue analytics.,concern,0.3456058711722201,0.3456058711722201,0.2642801520432191,0.8064516129032258,0.37258880949124223,1,50,87e17db24c04,submission-040,0.7810594739168936,0.13333333333333333,submission-038,0.6884853344746308,0.1935483870967742,submission-037,0.605385632642554,0.05714285714285714
2026-09-26T09:57:43.723Z,cli,candidate-novel-relevant-001,Mark summaries stale after new replies,"When a customer adds messages after a summary is generated, label that summary as stale until the assistant refreshes it.",suggestion,0.3142003137898006,0.4864363849109964,0.4252192763658781,0.8333333333333334,0.2614806804836824,0.6459227219347297,50,87e17db24c04,submission-004,0.591552764694954,0.08108108108108109,submission-014,0.5521391008585979,0.15789473684210525,submission-016,0.5420733455957008,0.125
2026-09-26T09:57:44.424Z,cli,candidate-novel-relevant-002,Flag conflicting follow-up owners,Warn an agent when separate conversations assign the same customer follow-up to different teams before creating either task.,suggestion,0.5035221635294764,0.5035221635294764,0.44377220477152035,0.8421052631578947,0.3886805429138401,1,50,87e17db24c04,submission-045,0.5975483947798506,0.1,submission-016,0.49765150759750826,0.0975609756097561,submission-017,0.48403306081316755,0.075
2026-09-26T09:57:45.145Z,cli,candidate-novel-relevant-003,Separate facts from unresolved questions,Generated summaries should place unanswered customer questions in their own section instead of presenting them as settled facts.,suggestion,0.34083262849753676,0.594319918824171,0.5413051676569195,0.8947368421052632,0.24337085873373349,0.573483434934934,50,87e17db24c04,submission-004,0.4612330995202817,0.02631578947368421,submission-032,0.4552175071600312,0.08108108108108109,submission-013,0.4538972048290206,0.05405405405405406
2026-09-26T09:57:45.842Z,cli,candidate-novel-relevant-004,Exclude bot storms from issue trends,Recurring-issue analytics should identify automated retry storms so one malfunctioning bot does not look like widespread customer demand.,suggestion,0.48036488553580425,0.543122980185387,0.4919093884533965,0.8333333333333334,0.32111239215648674,0.884449568625947,50,87e17db24c04,submission-040,0.5136586308212673,0.05555555555555555,submission-037,0.5049144227838235,0.05128205128205128,submission-038,0.4842110621869604,0.1388888888888889
2026-09-26T09:57:46.530Z,cli,candidate-novel-relevant-005,Preview workflow effects with replay,"Before enabling an automation rule, let administrators replay historical conversations to see which summaries and tasks it would have produced.",suggestion,0.43373802609840745,0.4686963983177206,0.39401484062816095,0.8918918918918919,0.3313534025731858,0.9254136102927433,50,87e17db24c04,submission-003,0.6216493906798436,0.04878048780487805,submission-020,0.5921061237564129,0.05128205128205128,submission-023,0.5536368783700885,0.05
2026-09-26T09:57:47.223Z,cli,candidate-novel-irrelevant-001,Expand aerodynamic testing,Formula One teams finishing last should receive more wind-tunnel time before the next racing season.,suggestion,0,0.7307632715090079,0.6992936884063194,0.9090909090909091,0.08124261407826767,0,50,87e17db24c04,submission-004,0.30905768990984145,0.08823529411764706,submission-001,0.2981566211750358,0.09090909090909091,submission-049,0.2582471129526493,0.025
2026-09-26T09:57:47.921Z,cli,candidate-novel-irrelevant-002,Plant tomatoes beside basil,Home gardeners can use companion planting and deep watering to improve vegetable yields during summer.,observation,0,0.8715480948821609,0.8635859939790129,0.9166666666666666,0.017646380769125242,0,50,87e17db24c04,submission-049,0.14210501753357316,0.05128205128205128,submission-034,0.13290796741763894,0,submission-037,0.11278605275551488,0.02702702702702703
2026-09-26T09:57:48.648Z,cli,candidate-novel-irrelevant-003,Rest bread dough overnight,A slow refrigerator fermentation can deepen flavor and create a more open crumb in a homemade loaf.,suggestion,0,0.8246026083405111,0.8092210617154804,0.9117647058823529,0,0,50,87e17db24c04,submission-049,0.19864158229242307,0,submission-021,0.18123626110716273,0,submission-002,0.17223110576917003,0
2026-09-26T09:57:49.352Z,cli,candidate-novel-irrelevant-004,Map dark-sky observation sites,"Amateur astronomers need a map combining cloud forecasts, moonlight, and local light pollution for telescope trips.",suggestion,0,0.8456459216121298,0.8331128489554469,0.9166666666666666,0.06868521228824682,0,50,87e17db24c04,submission-006,0.1741252097830186,0.05263157894736842,submission-046,0.15928492290213242,0,submission-039,0.14626548304102144,0.02564102564102564
2026-09-26T09:57:50.047Z,cli,candidate-novel-irrelevant-005,Repair erosion on hiking trails,Trail crews should add drainage bars and native ground cover where heavy rain repeatedly washes away soil.,suggestion,0,0.8063224741800783,0.7814320129672748,0.9473684210526316,0.06980241048242113,0,50,87e17db24c04,submission-021,0.23945623039969943,0,submission-020,0.19109393091021154,0.02631578947368421,submission-022,0.17566069519842054,0
2026-09-26T09:57:50.751Z,cli,candidate-borderline-001,Explain personal-data processing,"AI products should clearly tell people how their personal information is collected, transformed, and removed.",suggestion,0.4435351258673841,0.4435351258673841,0.36672581652847325,0.8787878787878788,0.3610278513523547,1,50,87e17db24c04,submission-029,0.6383748431859743,0.08571428571428572,submission-005,0.6284520431227311,0.12121212121212122,submission-006,0.6171366462312275,0.08571428571428572
2026-09-26T09:57:51.446Z,cli,candidate-borderline-002,Train employees before AI rollout,Organizations introducing AI tools should teach staff how to question outputs and report unexpected behavior.,suggestion,0.5242025758407683,0.5242025758407683,0.4609995701932915,0.8823529411764706,0.48044477864264284,1,50,87e17db24c04,submission-017,0.5460280711096791,0.1111111111111111,submission-029,0.5369813825659907,0.02631578947368421,submission-019,0.5028917237110372,0.05714285714285714
2026-09-26T09:57:52.154Z,cli,candidate-borderline-003,Report the energy cost of AI,Software companies should publish how much electricity their AI features consume and how those estimates are calculated.,suggestion,0.44615879722286444,0.6207407347588783,0.5739806963549829,0.8857142857142857,0.2796880614723034,0.7187522458892137,50,87e17db24c04,submission-029,0.4495865208389573,0.025,submission-017,0.39189760250521305,0.05,submission-035,0.38698110390078694,0.024390243902439025
